
insert into soccupe(numg,numc) values (10,1);
insert into soccupe(numg,numc) values (10,2);
insert into soccupe(numg,numc) values (20,1);
insert into soccupe(numg,numc) values (20,3);
insert into soccupe(numg,numc) values (30,1);
insert into soccupe(numg,numc) values (30,2);
insert into soccupe(numg,numc) values (30,3);
insert into soccupe(numg,numc) values (30,4);
insert into soccupe(numg,numc) values (30,5);
insert into soccupe(numg,numc) values (30,6);
insert into soccupe(numg,numc) values (30,7);
insert into soccupe(numg,numc) values (40,3);
insert into soccupe(numg,numc) values (40,4);
insert into soccupe(numg,numc) values (50,5);
insert into soccupe(numg,numc) values (50,6);
insert into soccupe(numg,numc) values (60,5);
insert into soccupe(numg,numc) values (60,6);
insert into soccupe(numg,numc) values (70,7);

insert into gardien (numg,nomg,adresse,dateg) values (10,'Gaston Lagaffe','aa','30/03/1980');
insert into gardien (numg,nomg,adresse,dateg) values (20,'Achille Talon','aa','25/03/1971');
insert into gardien (numg,nomg,adresse,dateg) values (30,'Titeuf','aa','08/04/1980');
insert into gardien (numg,nomg,adresse,dateg) values (40,'Milou','aa','11/05/1975');
insert into gardien (numg,nomg,adresse,dateg) values (50,'Tintin','aa','06/06/1975');
insert into gardien (numg,nomg,adresse,dateg) values (60,'Michel Vaillant','aa','16/01/1968');
insert into gardien (numg,nomg,adresse,dateg) values (70,'Boule','aa','16/01/2000');


insert into cage(numc,lieu,type) values (1,'lieu1','cage1');
insert into cage(numc,lieu,type) values (2,'lieu2','cage2');
insert into cage(numc,lieu,type) values (3,'lieu3','cage3');
insert into cage(numc,lieu,type) values (4,'lieu4','cage4'); 
insert into cage(numc,lieu,type) values (5,'lieu5','cage5'); 
insert into cage(numc,lieu,type) values (6,'lieu6','cage6'); 
insert into cage(numc,lieu,type) values (7,'zone tropicale','aquarium'); 

insert into animal(noma,espece,sexe,pays,datea,numc) values ('gaulois','coq de bruyere','m','p1','16/01/2015',1);
insert into animal(noma,espece,sexe,pays,datea,numc) values ('baghera','panthere','f','p1','16/05/1995',5);
insert into animal(noma,espece,sexe,pays,datea,numc) values ('baloo','ours','m','p1','16/05/1990',1);
insert into animal(noma,espece,sexe,pays,datea,numc) values ('kalanag','elephant','m','p1','16/05/1957',6);
insert into animal(noma,espece,sexe,pays,datea,numc) values ('nom1','e1','m','p1','16/05/1970',4);
insert into animal(noma,espece,sexe,pays,datea,numc) values ('nom2','e1','f','p1','16/05/1970',2);
insert into animal(noma,espece,sexe,pays,datea,numc) values ('nom3','e1','f','p1','16/05/1970',2);
insert into animal(noma,espece,sexe,pays,datea,numc) values ('nom4','e1','m','p1','16/05/1970',3);
insert into animal(noma,espece,sexe,pays,datea,numc) values ('nom5','e1','f','p1','16/05/1970',3);
insert into animal(noma,espece,sexe,pays,datea,numc) values ('nom6','e1','m','p1','16/05/1970',4);
insert into animal(noma,espece,sexe,pays,datea,numc) values ('nom7','e1','m','p1','16/05/1970',5);
insert into animal(noma,espece,sexe,pays,datea,numc) values ('nom8','e1','f','p1','16/05/1970',5);
insert into animal(noma,espece,sexe,pays,datea,numc) values ('nom9','e1','f','p1','16/05/1970',6);
insert into animal(noma,espece,sexe,pays,datea,numc) values ('nom10','e1','f','p1','16/05/1970',6);
insert into animal(noma,espece,sexe,pays,datea,numc) values ('nom11','e1','m','p1','16/07/1997',6);
insert into animal(noma,espece,sexe,pays,datea,numc) values ('nom12','e1','f','p1','02/05/2009',6);


insert into estmalade(noma,nommal,datem,remede) values ('nom2','typhus','16/01/2019','r');
insert into estmalade(noma,nommal,datem,remede) values ('nom2','gale','16/01/1986','r');
insert into estmalade(noma,nommal,datem,remede) values ('nom3','typhus','16/01/1975','r');
insert into estmalade(noma,nommal,datem,remede) values ('nom3','typhus','18/10/2019','r');
insert into estmalade(noma,nommal,datem,remede) values ('nom3','typhus','16/01/1978','r');
insert into estmalade(noma,nommal,datem,remede) values ('nom4','gale','16/01/1995','r');
insert into estmalade(noma,nommal,datem,remede) values ('nom5','typhus','16/01/1995','r');
insert into estmalade(noma,nommal,datem,remede) values ('nom11','gale','18/02/2007','r');
insert into estmalade(noma,nommal,datem,remede) values ('nom12','typhus','18/01/2014','r');
insert into estmalade(noma,nommal,datem,remede) values ('baloo','rage','01/11/2019','isolement'); 
